segment_idx,pig_id,label,label_name
0,114-1838.wav,1,Normal
1,114-1838.wav,1,Normal
2,114-1838.wav,1,Normal
3,114-1838.wav,1,Normal
4,114-1838.wav,1,Normal
5,114-1838.wav,1,Normal
6,114-1838.wav,1,Normal
7,114-1838.wav,1,Normal
8,114-1838.wav,1,Normal
9,114-1838.wav,1,Normal
10,114-1838.wav,1,Normal
11,114-1838.wav,1,Normal
12,114-1838.wav,1,Normal
13,114-1838.wav,1,Normal
14,114-1838.wav,1,Normal
15,114-1838.wav,1,Normal
16,114-1838.wav,1,Normal
17,114-1838.wav,1,Normal
18,114-1838.wav,1,Normal
19,114-1838.wav,1,Normal
20,114-1838.wav,1,Normal
21,114-1838.wav,1,Normal
22,114-1838.wav,1,Normal
23,114-1838.wav,1,Normal
24,114-1838.wav,1,Normal
25,114-1838.wav,1,Normal
26,114-1838.wav,1,Normal
27,114-1838.wav,1,Normal
28,114-1838.wav,1,Normal
29,114-1838.wav,1,Normal
30,114-1838.wav,1,Normal
31,114-1838.wav,1,Normal
32,114-1838.wav,1,Normal
33,114-1838.wav,1,Normal
34,114-1838.wav,1,Normal
35,114-1838.wav,1,Normal
36,114-1838.wav,1,Normal
37,114-1838.wav,1,Normal
38,114-1838.wav,1,Normal
39,114-1838.wav,1,Normal
40,114-1838.wav,1,Normal
41,114-1838.wav,1,Normal
42,114-1838.wav,1,Normal
43,114-1838.wav,1,Normal
44,114-1838.wav,1,Normal
45,114-1838.wav,1,Normal
46,114-1838.wav,1,Normal
47,114-1838.wav,1,Normal
48,114-1838.wav,1,Normal
49,114-1838.wav,1,Normal
50,114-1838.wav,1,Normal
51,114-1838.wav,1,Normal
52,114-1838.wav,0,No-Breathing
53,114-1838.wav,0,No-Breathing
54,114-1838.wav,0,No-Breathing
55,114-1838.wav,0,No-Breathing
56,114-1838.wav,0,No-Breathing
57,114-1838.wav,0,No-Breathing
58,114-1838.wav,0,No-Breathing
59,114-1840.wav,1,Normal
60,114-1840.wav,1,Normal
61,114-1840.wav,1,Normal
62,114-1840.wav,1,Normal
63,114-1840.wav,1,Normal
64,114-1840.wav,1,Normal
65,114-1840.wav,1,Normal
66,114-1840.wav,1,Normal
67,114-1840.wav,1,Normal
68,114-1840.wav,1,Normal
69,114-1840.wav,1,Normal
70,114-1840.wav,1,Normal
71,114-1840.wav,1,Normal
72,114-1840.wav,1,Normal
73,114-1840.wav,1,Normal
74,114-1840.wav,1,Normal
75,114-1840.wav,1,Normal
76,114-1840.wav,1,Normal
77,114-1840.wav,1,Normal
78,114-1840.wav,1,Normal
79,114-1840.wav,1,Normal
80,114-1840.wav,1,Normal
81,114-1840.wav,1,Normal
82,114-1840.wav,1,Normal
83,114-1840.wav,1,Normal
84,114-1840.wav,1,Normal
85,114-1840.wav,1,Normal
86,114-1840.wav,1,Normal
87,114-1840.wav,1,Normal
88,114-1840.wav,1,Normal
89,114-1840.wav,1,Normal
90,114-1840.wav,1,Normal
91,114-1840.wav,1,Normal
92,114-1840.wav,1,Normal
93,114-1840.wav,1,Normal
94,114-1840.wav,1,Normal
95,114-1840.wav,1,Normal
96,114-1840.wav,1,Normal
97,114-1840.wav,1,Normal
98,114-1840.wav,1,Normal
99,114-1840.wav,1,Normal
100,114-1840.wav,1,Normal
101,114-1840.wav,1,Normal
102,114-1840.wav,1,Normal
103,114-1840.wav,1,Normal
104,114-1840.wav,1,Normal
105,114-1840.wav,1,Normal
106,114-1840.wav,1,Normal
107,114-1840.wav,1,Normal
108,114-1840.wav,1,Normal
109,114-1840.wav,1,Normal
110,114-1840.wav,1,Normal
111,114-1840.wav,1,Normal
112,114-1840.wav,1,Normal
113,114-1840.wav,1,Normal
114,114-1840.wav,1,Normal
115,114-1840.wav,1,Normal
116,114-1840.wav,1,Normal
117,114-1840.wav,1,Normal
118,114-1840.wav,1,Normal
119,114-1840.wav,1,Normal
120,114-1840.wav,1,Normal
121,114-1840.wav,1,Normal
122,114-1840.wav,1,Normal
123,114-1840.wav,1,Normal
124,114-1840.wav,1,Normal
125,114-1840.wav,1,Normal
126,114-1840.wav,1,Normal
127,114-1840.wav,1,Normal
128,114-1840.wav,1,Normal
129,114-1840.wav,1,Normal
130,114-1840.wav,1,Normal
131,114-1840.wav,1,Normal
132,114-1840.wav,1,Normal
133,114-1840.wav,1,Normal
134,114-1840.wav,1,Normal
135,114-1840.wav,1,Normal
136,114-1840.wav,1,Normal
137,114-1840.wav,1,Normal
138,114-1840.wav,1,Normal
139,114-1840.wav,1,Normal
140,114-1840.wav,1,Normal
141,114-1840.wav,1,Normal
142,114-1840.wav,1,Normal
143,114-1840.wav,1,Normal
144,114-1840.wav,1,Normal
145,114-1840.wav,1,Normal
146,114-1840.wav,1,Normal
147,114-1840.wav,1,Normal
148,114-1840.wav,1,Normal
149,114-1840.wav,1,Normal
150,114-1840.wav,1,Normal
151,114-1840.wav,1,Normal
152,114-1840.wav,1,Normal
153,114-1840.wav,1,Normal
154,114-1840.wav,1,Normal
155,114-1840.wav,1,Normal
156,114-1840.wav,1,Normal
157,114-1840.wav,1,Normal
158,114-1840.wav,1,Normal
159,114-1840.wav,1,Normal
160,114-1840.wav,1,Normal
161,114-1840.wav,1,Normal
162,114-1840.wav,1,Normal
163,114-1840.wav,1,Normal
164,114-1840.wav,1,Normal
165,114-1840.wav,1,Normal
166,114-1840.wav,1,Normal
167,114-1840.wav,1,Normal
168,114-1840.wav,1,Normal
169,114-1840.wav,1,Normal
170,114-1840.wav,1,Normal
171,114-1840.wav,1,Normal
172,114-1840.wav,1,Normal
173,114-1840.wav,1,Normal
174,114-1840.wav,1,Normal
175,114-1840.wav,1,Normal
176,114-1840.wav,1,Normal
177,114-1840.wav,1,Normal
178,114-1840.wav,1,Normal
179,114-1840.wav,1,Normal
180,114-1840.wav,1,Normal
181,114-1840.wav,1,Normal
182,114-1840.wav,1,Normal
183,114-1840.wav,1,Normal
184,114-1840.wav,1,Normal
185,114-1840.wav,1,Normal
186,114-1840.wav,1,Normal
187,114-1840.wav,1,Normal
188,114-1840.wav,1,Normal
189,114-1840.wav,0,No-Breathing
190,114-1840.wav,0,No-Breathing
191,114-1840.wav,0,No-Breathing
192,114-1688.wav,1,Normal
193,114-1688.wav,1,Normal
194,114-1688.wav,1,Normal
195,114-1688.wav,1,Normal
196,114-1688.wav,1,Normal
197,114-1688.wav,1,Normal
198,114-1688.wav,1,Normal
199,114-1688.wav,1,Normal
200,114-1688.wav,1,Normal
201,114-1688.wav,1,Normal
202,114-1688.wav,1,Normal
203,114-1688.wav,1,Normal
204,114-1688.wav,1,Normal
205,114-1688.wav,1,Normal
206,114-1688.wav,1,Normal
207,114-1688.wav,1,Normal
208,114-1688.wav,1,Normal
209,114-1688.wav,1,Normal
210,114-1688.wav,1,Normal
211,114-1688.wav,1,Normal
212,114-1688.wav,1,Normal
213,114-1688.wav,1,Normal
214,114-1688.wav,1,Normal
215,114-1688.wav,1,Normal
216,114-1688.wav,1,Normal
217,114-1688.wav,1,Normal
218,114-1688.wav,1,Normal
219,114-1688.wav,1,Normal
220,114-1688.wav,1,Normal
221,114-1688.wav,1,Normal
222,114-1688.wav,1,Normal
223,114-1688.wav,1,Normal
224,114-1688.wav,1,Normal
225,114-1688.wav,1,Normal
226,114-1688.wav,1,Normal
227,114-1688.wav,1,Normal
228,114-1688.wav,1,Normal
229,114-1688.wav,1,Normal
230,114-1688.wav,1,Normal
231,114-1688.wav,1,Normal
232,114-1688.wav,1,Normal
233,114-1688.wav,1,Normal
234,114-1688.wav,1,Normal
235,114-1688.wav,1,Normal
236,114-1688.wav,1,Normal
237,114-1688.wav,1,Normal
238,114-1688.wav,1,Normal
239,114-1688.wav,1,Normal
240,114-1688.wav,1,Normal
241,114-1688.wav,1,Normal
242,114-1688.wav,1,Normal
243,114-1688.wav,1,Normal
244,114-1688.wav,1,Normal
245,114-1688.wav,1,Normal
246,114-1688.wav,1,Normal
247,114-1688.wav,1,Normal
248,114-1688.wav,1,Normal
249,114-1688.wav,1,Normal
250,114-1688.wav,1,Normal
251,114-1688.wav,1,Normal
252,114-1688.wav,1,Normal
253,114-1688.wav,1,Normal
254,114-1688.wav,1,Normal
255,114-1688.wav,1,Normal
256,114-1688.wav,1,Normal
257,114-1688.wav,1,Normal
258,114-1688.wav,1,Normal
259,114-1688.wav,1,Normal
260,114-1688.wav,1,Normal
261,114-1688.wav,1,Normal
262,114-1688.wav,1,Normal
263,114-1688.wav,1,Normal
264,114-1688.wav,1,Normal
265,114-1688.wav,1,Normal
266,114-1688.wav,1,Normal
267,114-1688.wav,1,Normal
268,114-1688.wav,1,Normal
269,114-1688.wav,1,Normal
270,114-1688.wav,1,Normal
271,114-1688.wav,1,Normal
272,114-1688.wav,1,Normal
273,114-1688.wav,1,Normal
274,114-1688.wav,1,Normal
275,114-1688.wav,1,Normal
276,114-1688.wav,1,Normal
277,114-1688.wav,1,Normal
278,114-1688.wav,1,Normal
279,114-1688.wav,1,Normal
280,114-1688.wav,1,Normal
281,114-1820.wav,1,Normal
282,114-1820.wav,1,Normal
283,114-1820.wav,1,Normal
284,114-1820.wav,1,Normal
285,114-1820.wav,1,Normal
286,114-1820.wav,1,Normal
287,114-1820.wav,1,Normal
288,114-1820.wav,1,Normal
289,114-1820.wav,1,Normal
290,114-1820.wav,1,Normal
291,114-1820.wav,1,Normal
292,114-1820.wav,1,Normal
293,114-1820.wav,1,Normal
294,114-1820.wav,1,Normal
295,114-1820.wav,1,Normal
296,114-1820.wav,1,Normal
297,114-1820.wav,1,Normal
298,114-1820.wav,1,Normal
299,114-1820.wav,1,Normal
300,114-1820.wav,1,Normal
301,114-1820.wav,1,Normal
302,114-1820.wav,1,Normal
303,114-1820.wav,1,Normal
304,114-1820.wav,1,Normal
305,114-1820.wav,1,Normal
306,114-1820.wav,1,Normal
307,114-1820.wav,1,Normal
308,114-1820.wav,1,Normal
309,114-1820.wav,1,Normal
310,114-1820.wav,1,Normal
311,114-1820.wav,1,Normal
312,114-1820.wav,1,Normal
313,114-1820.wav,1,Normal
314,114-1820.wav,1,Normal
315,114-1820.wav,1,Normal
316,114-1820.wav,1,Normal
317,114-1820.wav,1,Normal
318,114-1820.wav,1,Normal
319,114-1820.wav,1,Normal
320,114-1820.wav,1,Normal
321,114-1820.wav,1,Normal
322,114-1820.wav,1,Normal
323,114-1820.wav,1,Normal
324,114-1820.wav,1,Normal
325,114-1820.wav,1,Normal
326,114-1820.wav,1,Normal
327,114-1820.wav,1,Normal
328,114-1820.wav,1,Normal
329,114-1820.wav,1,Normal
330,114-1820.wav,1,Normal
331,114-1820.wav,1,Normal
332,114-1820.wav,1,Normal
333,114-1820.wav,1,Normal
334,114-1820.wav,1,Normal
335,114-1820.wav,1,Normal
336,114-1820.wav,1,Normal
337,114-1820.wav,1,Normal
338,114-1820.wav,1,Normal
339,114-1820.wav,1,Normal
340,114-1820.wav,1,Normal
341,114-1820.wav,1,Normal
342,114-1820.wav,1,Normal
343,114-1820.wav,1,Normal
344,114-1820.wav,1,Normal
345,114-1820.wav,1,Normal
346,114-1820.wav,1,Normal
347,114-1820.wav,1,Normal
348,114-1820.wav,1,Normal
349,114-1820.wav,1,Normal
350,114-1820.wav,1,Normal
351,114-1820.wav,1,Normal
352,114-1820.wav,1,Normal
353,114-1820.wav,1,Normal
354,114-1820.wav,1,Normal
355,114-1820.wav,1,Normal
356,114-1820.wav,1,Normal
357,114-1820.wav,1,Normal
358,114-1820.wav,1,Normal
359,114-1820.wav,1,Normal
360,114-1820.wav,1,Normal
361,114-1820.wav,1,Normal
362,114-1820.wav,1,Normal
363,114-1820.wav,1,Normal
364,114-1820.wav,1,Normal
365,114-1820.wav,1,Normal
366,114-1820.wav,1,Normal
367,114-1820.wav,1,Normal
368,114-1820.wav,1,Normal
369,114-1820.wav,1,Normal
370,114-1820.wav,1,Normal
371,114-1820.wav,1,Normal
372,114-1820.wav,1,Normal
373,114-1820.wav,1,Normal
374,114-1820.wav,1,Normal
375,114-1820.wav,1,Normal
376,114-1820.wav,1,Normal
377,114-1820.wav,1,Normal
378,114-1820.wav,1,Normal
379,114-1820.wav,1,Normal
380,114-1820.wav,1,Normal
381,114-1820.wav,1,Normal
382,114-1820.wav,1,Normal
383,114-1820.wav,1,Normal
384,114-1820.wav,1,Normal
385,114-1820.wav,1,Normal
386,114-1820.wav,1,Normal
387,114-1820.wav,1,Normal
388,114-1820.wav,1,Normal
389,114-1820.wav,1,Normal
390,114-1820.wav,1,Normal
391,114-1820.wav,1,Normal
392,114-1820.wav,1,Normal
393,114-1820.wav,1,Normal
394,114-1820.wav,1,Normal
395,114-1820.wav,1,Normal
396,114-1820.wav,1,Normal
397,114-1820.wav,1,Normal
398,114-1820.wav,1,Normal
399,114-1820.wav,1,Normal
400,114-1820.wav,1,Normal
401,114-1955.wav,1,Normal
402,114-1955.wav,1,Normal
403,114-1955.wav,1,Normal
404,114-1955.wav,1,Normal
405,114-1955.wav,1,Normal
406,114-1955.wav,1,Normal
407,114-1955.wav,1,Normal
408,114-1955.wav,1,Normal
409,114-1955.wav,1,Normal
410,114-1955.wav,1,Normal
411,114-1955.wav,1,Normal
412,114-1955.wav,1,Normal
413,114-1955.wav,1,Normal
414,114-1955.wav,1,Normal
415,114-1955.wav,1,Normal
416,114-1955.wav,1,Normal
417,114-1955.wav,1,Normal
418,114-1955.wav,1,Normal
419,114-1955.wav,1,Normal
420,114-1955.wav,1,Normal
421,114-1955.wav,1,Normal
422,114-1955.wav,1,Normal
423,114-1955.wav,1,Normal
424,114-1955.wav,1,Normal
425,114-1955.wav,1,Normal
426,114-1955.wav,1,Normal
427,114-1955.wav,1,Normal
428,114-1955.wav,1,Normal
429,114-1955.wav,1,Normal
430,114-1955.wav,1,Normal
431,114-1955.wav,1,Normal
432,114-1955.wav,1,Normal
433,114-1955.wav,1,Normal
434,114-1955.wav,1,Normal
435,114-1955.wav,1,Normal
436,114-1955.wav,1,Normal
437,114-1955.wav,1,Normal
438,114-1955.wav,1,Normal
439,114-1955.wav,1,Normal
440,114-1955.wav,1,Normal
441,114-1955.wav,1,Normal
442,114-1955.wav,1,Normal
443,114-1955.wav,1,Normal
444,114-1955.wav,1,Normal
445,114-1955.wav,1,Normal
446,114-1955.wav,1,Normal
447,114-1955.wav,1,Normal
448,114-1955.wav,1,Normal
449,114-1955.wav,1,Normal
450,114-1955.wav,1,Normal
451,114-1955.wav,1,Normal
452,114-1955.wav,1,Normal
453,114-1955.wav,1,Normal
454,114-1955.wav,1,Normal
455,114-1955.wav,1,Normal
456,114-1955.wav,1,Normal
457,114-1955.wav,1,Normal
458,114-1955.wav,1,Normal
459,114-1955.wav,1,Normal
460,114-1955.wav,1,Normal
461,114-1955.wav,1,Normal
462,114-1955.wav,1,Normal
463,114-1955.wav,1,Normal
464,114-1955.wav,1,Normal
465,114-1955.wav,1,Normal
466,114-1955.wav,1,Normal
467,114-1955.wav,1,Normal
468,114-1955.wav,1,Normal
469,114-1955.wav,1,Normal
470,114-1955.wav,1,Normal
471,114-1955.wav,1,Normal
472,114-1955.wav,1,Normal
473,114-1955.wav,1,Normal
474,114-1955.wav,1,Normal
475,114-1955.wav,1,Normal
476,114-1955.wav,1,Normal
477,114-1955.wav,1,Normal
478,114-1955.wav,1,Normal
479,114-1955.wav,1,Normal
480,114-1955.wav,1,Normal
481,114-1955.wav,1,Normal
482,114-1955.wav,1,Normal
483,114-1955.wav,1,Normal
484,114-1955.wav,1,Normal
485,114-1955.wav,1,Normal
486,114-1955.wav,1,Normal
487,114-1955.wav,1,Normal
488,114-1955.wav,1,Normal
489,114-1955.wav,1,Normal
490,114-1955.wav,1,Normal
491,114-1955.wav,1,Normal
492,114-1955.wav,1,Normal
493,114-1955.wav,1,Normal
494,114-1955.wav,1,Normal
495,114-1955.wav,1,Normal
496,114-1955.wav,1,Normal
497,114-1955.wav,1,Normal
498,114-1955.wav,1,Normal
499,114-1955.wav,1,Normal
500,114-1955.wav,0,No-Breathing
501,114-1955.wav,0,No-Breathing
502,114-1955.wav,0,No-Breathing
503,114-1698.wav,1,Normal
504,114-1698.wav,1,Normal
505,114-1698.wav,1,Normal
506,114-1698.wav,1,Normal
507,114-1698.wav,1,Normal
508,114-1698.wav,1,Normal
509,114-1698.wav,1,Normal
510,114-1698.wav,1,Normal
511,114-1698.wav,1,Normal
512,114-1698.wav,1,Normal
513,114-1698.wav,1,Normal
514,114-1698.wav,1,Normal
515,114-1698.wav,1,Normal
516,114-1698.wav,1,Normal
517,114-1698.wav,1,Normal
518,114-1698.wav,1,Normal
519,114-1698.wav,1,Normal
520,114-1698.wav,1,Normal
521,114-1698.wav,1,Normal
522,114-1698.wav,1,Normal
523,114-1698.wav,1,Normal
524,114-1698.wav,1,Normal
525,114-1698.wav,1,Normal
526,114-1698.wav,1,Normal
527,114-1698.wav,1,Normal
528,114-1698.wav,1,Normal
529,114-1698.wav,1,Normal
530,114-1698.wav,1,Normal
531,114-1698.wav,1,Normal
532,114-1698.wav,1,Normal
533,114-1698.wav,1,Normal
534,114-1698.wav,1,Normal
535,114-1698.wav,1,Normal
536,114-1698.wav,1,Normal
537,114-1698.wav,1,Normal
538,114-1698.wav,1,Normal
539,114-1698.wav,1,Normal
540,114-1698.wav,1,Normal
541,114-1698.wav,1,Normal
542,114-1698.wav,1,Normal
543,114-1698.wav,1,Normal
544,114-1698.wav,1,Normal
545,114-1698.wav,1,Normal
546,114-1698.wav,1,Normal
547,114-1698.wav,1,Normal
548,114-1698.wav,1,Normal
549,114-1698.wav,1,Normal
550,114-1698.wav,1,Normal
551,114-1698.wav,1,Normal
552,114-1698.wav,1,Normal
553,114-1698.wav,1,Normal
554,114-1698.wav,1,Normal
555,114-1698.wav,1,Normal
556,114-1698.wav,1,Normal
557,114-1698.wav,1,Normal
558,114-1698.wav,1,Normal
559,114-1698.wav,0,No-Breathing
560,114-1698.wav,0,No-Breathing
561,114-1698.wav,0,No-Breathing
562,114-380,2,Abnormal
563,114-380,2,Abnormal
564,114-380,2,Abnormal
565,114-380,2,Abnormal
566,114-380,2,Abnormal
567,114-380,2,Abnormal
568,114-380,2,Abnormal
569,114-380,2,Abnormal
570,114-380,2,Abnormal
571,114-380,2,Abnormal
572,114-380,2,Abnormal
573,114-380,2,Abnormal
574,114-380,2,Abnormal
575,114-380,2,Abnormal
576,114-380,2,Abnormal
577,114-380,2,Abnormal
578,114-380,2,Abnormal
579,114-380,2,Abnormal
580,114-380,2,Abnormal
581,114-380,2,Abnormal
582,114-380,2,Abnormal
583,114-380,2,Abnormal
584,114-380,2,Abnormal
585,114-380,2,Abnormal
586,114-380,2,Abnormal
587,114-380,2,Abnormal
588,114-380,2,Abnormal
589,114-380,2,Abnormal
590,114-380,2,Abnormal
591,114-380,2,Abnormal
592,114-380,2,Abnormal
593,114-380,2,Abnormal
594,114-380,2,Abnormal
595,114-380,2,Abnormal
596,114-380,2,Abnormal
597,114-380,2,Abnormal
598,114-380,2,Abnormal
599,114-380,2,Abnormal
600,114-380,2,Abnormal
601,114-380,2,Abnormal
602,114-380,2,Abnormal
603,114-380,2,Abnormal
604,114-380,2,Abnormal
605,114-380,2,Abnormal
606,114-380,2,Abnormal
607,114-380,2,Abnormal
608,114-380,2,Abnormal
609,114-380,2,Abnormal
610,114-380,2,Abnormal
611,114-380,2,Abnormal
612,114-380,2,Abnormal
613,114-380,2,Abnormal
614,114-380,2,Abnormal
615,114-380,2,Abnormal
616,114-380,2,Abnormal
617,114-380,2,Abnormal
618,114-380,2,Abnormal
619,114-380,2,Abnormal
620,114-380,2,Abnormal
621,114-380,2,Abnormal
622,114-380,2,Abnormal
623,114-380,2,Abnormal
624,114-380,2,Abnormal
625,114-380,2,Abnormal
626,114-380,2,Abnormal
627,114-380,2,Abnormal
628,114-380,2,Abnormal
629,114-380,2,Abnormal
630,114-380,2,Abnormal
631,114-380,2,Abnormal
632,114-380,2,Abnormal
633,114-380,2,Abnormal
634,114-380,2,Abnormal
635,114-380,2,Abnormal
636,114-380,2,Abnormal
637,114-380,2,Abnormal
638,114-380,2,Abnormal
639,114-380,2,Abnormal
640,114-380,2,Abnormal
641,114-380,2,Abnormal
642,114-380,2,Abnormal
643,114-380,2,Abnormal
644,114-380,2,Abnormal
645,114-380,2,Abnormal
646,114-380,2,Abnormal
647,114-380,2,Abnormal
648,114-380,2,Abnormal
649,114-380,2,Abnormal
650,114-380,2,Abnormal
651,114-380,2,Abnormal
652,114-380,2,Abnormal
653,114-380,2,Abnormal
654,114-380,0,No-Breathing
655,114-380,0,No-Breathing
656,114-380,0,No-Breathing
657,114-380,0,No-Breathing
658,114-380,0,No-Breathing
659,114-380,0,No-Breathing
660,114-380,0,No-Breathing
661,114-380,0,No-Breathing
662,114-380,0,No-Breathing
663,114-380,0,No-Breathing
664,114-380,0,No-Breathing
665,114-380,0,No-Breathing
666,114-380,0,No-Breathing
667,114-380,0,No-Breathing
668,114-1314,2,Abnormal
669,114-1314,2,Abnormal
670,114-1314,2,Abnormal
671,114-1314,2,Abnormal
672,114-1314,2,Abnormal
673,114-1314,2,Abnormal
674,114-1314,2,Abnormal
675,114-1314,2,Abnormal
676,114-1314,2,Abnormal
677,114-1314,2,Abnormal
678,114-1314,2,Abnormal
679,114-1314,2,Abnormal
680,114-1314,2,Abnormal
681,114-1314,2,Abnormal
682,114-1314,2,Abnormal
683,114-1314,2,Abnormal
684,114-1314,2,Abnormal
685,114-1314,2,Abnormal
686,114-1314,2,Abnormal
687,114-1314,2,Abnormal
688,114-1314,2,Abnormal
689,114-1314,2,Abnormal
690,114-1314,2,Abnormal
691,114-1314,2,Abnormal
692,114-1314,2,Abnormal
693,114-1314,2,Abnormal
694,114-1314,2,Abnormal
695,114-1314,2,Abnormal
696,114-1314,2,Abnormal
697,114-1314,2,Abnormal
698,114-1314,2,Abnormal
699,114-1314,2,Abnormal
700,114-1314,2,Abnormal
701,114-1314,2,Abnormal
702,114-1314,2,Abnormal
703,114-1314,2,Abnormal
704,114-1314,2,Abnormal
705,114-1314,2,Abnormal
706,114-1314,2,Abnormal
707,114-1314,2,Abnormal
708,114-1314,2,Abnormal
709,114-1314,2,Abnormal
710,114-1314,2,Abnormal
711,114-1314,2,Abnormal
712,114-1314,2,Abnormal
713,114-1314,2,Abnormal
714,114-1314,2,Abnormal
715,114-1314,2,Abnormal
716,114-1314,2,Abnormal
717,114-1314,2,Abnormal
718,114-1314,2,Abnormal
719,114-1314,2,Abnormal
720,114-1314,2,Abnormal
721,114-1314,2,Abnormal
722,114-1314,2,Abnormal
723,114-1314,2,Abnormal
724,114-1314,2,Abnormal
725,114-1314,2,Abnormal
726,114-1314,2,Abnormal
727,114-1314,2,Abnormal
728,114-1314,2,Abnormal
729,114-1314,2,Abnormal
730,114-1314,2,Abnormal
731,114-1314,2,Abnormal
732,114-1314,2,Abnormal
733,114-1314,2,Abnormal
734,114-1314,2,Abnormal
735,114-1314,2,Abnormal
736,114-1314,2,Abnormal
737,114-1314,2,Abnormal
738,114-1314,2,Abnormal
739,114-1314,2,Abnormal
740,114-1314,2,Abnormal
741,114-1314,2,Abnormal
742,114-1314,2,Abnormal
743,114-1314,2,Abnormal
744,114-1314,2,Abnormal
745,114-1314,2,Abnormal
746,114-1314,2,Abnormal
747,114-1314,2,Abnormal
748,114-1314,2,Abnormal
749,114-1314,2,Abnormal
750,114-1314,2,Abnormal
751,114-1314,2,Abnormal
752,114-1314,2,Abnormal
753,114-1314,2,Abnormal
754,114-1314,2,Abnormal
755,114-1314,2,Abnormal
756,114-1314,2,Abnormal
757,114-1314,2,Abnormal
758,114-1314,2,Abnormal
759,20250109_338,1,Normal
760,20250109_338,1,Normal
761,20250109_338,1,Normal
762,20250109_338,1,Normal
763,20250109_338,1,Normal
764,20250109_338,1,Normal
765,20250109_338,1,Normal
766,20250109_338,1,Normal
767,20250109_338,1,Normal
768,20250109_338,1,Normal
769,20250109_338,1,Normal
770,20250109_338,1,Normal
771,20250109_338,1,Normal
772,20250109_338,1,Normal
773,20250109_338,1,Normal
774,20250109_338,1,Normal
775,20250109_338,1,Normal
776,20250109_338,1,Normal
777,20250109_338,1,Normal
778,20250109_338,1,Normal
779,20250109_338,0,No-Breathing
780,20250109_338,0,No-Breathing
781,20250109_338,0,No-Breathing
782,20250109_338,0,No-Breathing
783,20250109_338,0,No-Breathing
784,20250109_338,0,No-Breathing
785,20250109_338,0,No-Breathing
786,20250109_338,0,No-Breathing
787,20250109_338,0,No-Breathing
788,20250109_338,0,No-Breathing
789,20250109_338,0,No-Breathing
790,20250109_338,0,No-Breathing
791,20250109_338,0,No-Breathing
792,20250109_338,0,No-Breathing
793,20250109_338,0,No-Breathing
794,20250109_338,0,No-Breathing
795,20250109_338,0,No-Breathing
796,20250109_338,0,No-Breathing
797,20250109_338,0,No-Breathing
798,20250109_338,0,No-Breathing
799,20250109_338,0,No-Breathing
800,20250109_338,0,No-Breathing
801,20250109_338,0,No-Breathing
802,20250109_338,0,No-Breathing
803,20250109_338,0,No-Breathing
804,20250109_338,0,No-Breathing
805,20250109_338,0,No-Breathing
806,20250109_338,0,No-Breathing
807,20250109_338,0,No-Breathing
808,20250109_338,0,No-Breathing
809,20250109_338,0,No-Breathing
810,20250109_338,0,No-Breathing
811,20250109_338,0,No-Breathing
812,20250109_338,0,No-Breathing
813,20250109_338,0,No-Breathing
814,20250109_338,0,No-Breathing
815,20250109_338,0,No-Breathing
816,20250109_338,0,No-Breathing
817,20250109_338,0,No-Breathing
818,20250109_338,0,No-Breathing
819,20250109_338,0,No-Breathing
820,20250109_338,0,No-Breathing
821,20250109_338,0,No-Breathing
822,20250109_338,0,No-Breathing
823,20250109_338,0,No-Breathing
824,20250109_338,0,No-Breathing
825,20250109_338,0,No-Breathing
826,20250109_338,0,No-Breathing
827,20250109_338,0,No-Breathing
828,20250109_338,0,No-Breathing
829,20250109_338,0,No-Breathing
830,20250109_338,0,No-Breathing
831,20250109_338,0,No-Breathing
832,20250109_338,0,No-Breathing
833,20250109_338,0,No-Breathing
834,20250109_338,0,No-Breathing
835,20250109_338,0,No-Breathing
836,20250109_338,0,No-Breathing
837,20250109_338,0,No-Breathing
838,20250109_338,0,No-Breathing
839,20250109_338,0,No-Breathing
840,20250109_338,0,No-Breathing
841,20250109_338,0,No-Breathing
842,20250109_338,0,No-Breathing
843,20250109_338,0,No-Breathing
844,20250109_338,0,No-Breathing
845,20250109_338,0,No-Breathing
846,20250109_338,0,No-Breathing
847,20250109_338,0,No-Breathing
848,20250109_338,0,No-Breathing
849,20250109_338,0,No-Breathing
850,20250109_338,0,No-Breathing
851,20250109_338,0,No-Breathing
852,20250109_338,0,No-Breathing
853,20250109_448,1,Normal
854,20250109_448,1,Normal
855,20250109_448,1,Normal
856,20250109_448,1,Normal
857,20250109_448,1,Normal
858,20250109_448,1,Normal
859,20250109_448,1,Normal
860,20250109_448,1,Normal
861,20250109_448,1,Normal
862,20250109_448,0,No-Breathing
863,20250109_448,0,No-Breathing
864,20250109_448,0,No-Breathing
865,20250109_448,0,No-Breathing
866,20250109_448,0,No-Breathing
867,20250109_448,0,No-Breathing
868,20250109_448,0,No-Breathing
869,20250109_448,0,No-Breathing
870,20250109_448,0,No-Breathing
871,20250109_448,0,No-Breathing
872,20250109_448,0,No-Breathing
873,20250109_448,0,No-Breathing
874,20250109_448,0,No-Breathing
875,20250109_448,0,No-Breathing
876,20250109_448,0,No-Breathing
877,20250109_448,0,No-Breathing
878,20250109_448,0,No-Breathing
879,20250109_448,0,No-Breathing
880,20250109_448,0,No-Breathing
881,20250109_448,0,No-Breathing
882,20250109_448,0,No-Breathing
883,20250109_448,0,No-Breathing
884,20250109_448,0,No-Breathing
885,20250109_448,0,No-Breathing
886,20250109_448,0,No-Breathing
887,20250109_448,0,No-Breathing
888,20250109_448,0,No-Breathing
889,20250109_448,0,No-Breathing
890,20250109_448,0,No-Breathing
891,20250109_448,0,No-Breathing
892,20250109_448,0,No-Breathing
893,20250109_448,0,No-Breathing
894,20250109_448,0,No-Breathing
895,20250109_448,0,No-Breathing
896,20250109_448,0,No-Breathing
897,20250109_448,0,No-Breathing
898,20250109_448,0,No-Breathing
899,20250109_448,0,No-Breathing
900,20250109_448,0,No-Breathing
901,20250109_448,0,No-Breathing
902,20250109_448,0,No-Breathing
903,20250109_448,0,No-Breathing
904,20250109_448,0,No-Breathing
905,20250109_448,0,No-Breathing
906,20250109_448,0,No-Breathing
907,20250109_448,0,No-Breathing
908,20250109_448,0,No-Breathing
909,20250109_448,0,No-Breathing
910,20250109_448,0,No-Breathing
911,20250109_448,0,No-Breathing
912,20250109_448,0,No-Breathing
913,20250109_448,0,No-Breathing
914,20250109_448,0,No-Breathing
915,20250109_448,0,No-Breathing
916,20250109_448,0,No-Breathing
917,20250109_448,0,No-Breathing
918,20250109_448,0,No-Breathing
919,20250109_448,0,No-Breathing
920,20250109_448,0,No-Breathing
921,20250109_448,0,No-Breathing
922,20250109_448,0,No-Breathing
923,20250109_448,0,No-Breathing
924,20250109_448,0,No-Breathing
925,20250109_448,0,No-Breathing
926,20250109_448,0,No-Breathing
927,20250109_448,0,No-Breathing
928,20250109_448,0,No-Breathing
929,20250109_448,0,No-Breathing
930,20250109_448,0,No-Breathing
931,20250109_448,0,No-Breathing
932,20250109_448,0,No-Breathing
933,20250109_448,0,No-Breathing
934,20250109_448,0,No-Breathing
935,20250109_448,0,No-Breathing
936,20250109_448,0,No-Breathing
937,20250109_448,0,No-Breathing
938,20250109_448,0,No-Breathing
939,20250109_448,0,No-Breathing
940,20250109_448,0,No-Breathing
941,20250109_448,0,No-Breathing
942,20250109_448,0,No-Breathing
943,20250109_448,0,No-Breathing
944,20250109_448,0,No-Breathing
945,20250114_81,2,Abnormal
946,20250114_81,2,Abnormal
947,20250114_81,2,Abnormal
948,20250114_81,2,Abnormal
949,20250114_81,2,Abnormal
950,20250114_81,2,Abnormal
951,20250114_81,2,Abnormal
952,20250114_81,2,Abnormal
953,20250114_81,2,Abnormal
954,20250114_81,2,Abnormal
955,20250114_81,2,Abnormal
956,20250114_81,2,Abnormal
957,20250114_81,2,Abnormal
958,20250114_81,2,Abnormal
959,20250114_81,2,Abnormal
960,20250114_81,2,Abnormal
961,20250114_81,2,Abnormal
962,20250114_81,2,Abnormal
963,20250114_81,2,Abnormal
964,20250114_81,2,Abnormal
965,20250114_81,2,Abnormal
966,20250114_81,2,Abnormal
967,20250114_81,0,No-Breathing
968,20250114_81,0,No-Breathing
969,20250114_81,0,No-Breathing
970,20250114_81,0,No-Breathing
971,20250114_81,0,No-Breathing
972,20250114_81,0,No-Breathing
973,20250114_81,0,No-Breathing
974,20250114_81,0,No-Breathing
975,20250114_81,0,No-Breathing
976,20250114_81,0,No-Breathing
977,20250114_81,0,No-Breathing
978,20250114_81,0,No-Breathing
979,20250114_81,0,No-Breathing
980,20250114_81,0,No-Breathing
981,20250114_81,0,No-Breathing
982,20250114_81,0,No-Breathing
983,20250114_81,0,No-Breathing
984,20250114_81,0,No-Breathing
985,20250114_81,0,No-Breathing
986,20250114_81,0,No-Breathing
987,20250114_81,0,No-Breathing
988,20250114_81,0,No-Breathing
989,20250114_81,0,No-Breathing
990,20250114_81,0,No-Breathing
991,20250114_81,0,No-Breathing
992,20250114_81,0,No-Breathing
993,20250114_81,0,No-Breathing
994,20250114_81,0,No-Breathing
995,20250114_81,0,No-Breathing
996,20250114_81,0,No-Breathing
997,20250114_81,0,No-Breathing
998,20250114_81,0,No-Breathing
999,20250114_81,0,No-Breathing
1000,20250114_81,0,No-Breathing
1001,20250114_81,0,No-Breathing
1002,20250114_81,0,No-Breathing
1003,20250114_81,0,No-Breathing
1004,20250114_81,0,No-Breathing
1005,20250114_81,0,No-Breathing
1006,20250114_81,0,No-Breathing
1007,20250114_81,0,No-Breathing
1008,20250114_81,0,No-Breathing
1009,20250114_81,0,No-Breathing
1010,20250114_81,0,No-Breathing
1011,20250114_81,0,No-Breathing
1012,20250114_81,0,No-Breathing
1013,20250114_81,0,No-Breathing
1014,20250114_81,0,No-Breathing
1015,20250114_81,0,No-Breathing
1016,20250114_81,0,No-Breathing
1017,20250114_81,0,No-Breathing
1018,20250114_81,0,No-Breathing
1019,20250114_81,0,No-Breathing
1020,20250114_81,0,No-Breathing
1021,20250114_81,0,No-Breathing
1022,20250114_81,0,No-Breathing
1023,20250114_81,0,No-Breathing
1024,20250114_81,0,No-Breathing
1025,20250114_81,0,No-Breathing
1026,20250114_81,0,No-Breathing
1027,20250114_81,0,No-Breathing
1028,20250114_81,0,No-Breathing
1029,20250114_81,0,No-Breathing
1030,20250114_81,0,No-Breathing
1031,20250114_81,0,No-Breathing
1032,114-949,2,Abnormal
1033,114-949,2,Abnormal
1034,114-949,2,Abnormal
1035,114-949,2,Abnormal
1036,114-949,2,Abnormal
1037,114-949,2,Abnormal
1038,114-949,2,Abnormal
1039,114-949,2,Abnormal
1040,114-949,2,Abnormal
1041,114-949,2,Abnormal
1042,114-949,2,Abnormal
1043,114-949,2,Abnormal
1044,114-949,2,Abnormal
1045,114-949,2,Abnormal
1046,114-949,2,Abnormal
1047,114-949,2,Abnormal
1048,114-949,2,Abnormal
1049,114-949,2,Abnormal
1050,114-949,2,Abnormal
1051,114-949,2,Abnormal
1052,114-949,2,Abnormal
1053,114-949,2,Abnormal
1054,114-949,2,Abnormal
1055,114-949,2,Abnormal
1056,114-949,2,Abnormal
1057,114-949,2,Abnormal
1058,114-949,2,Abnormal
1059,114-949,2,Abnormal
1060,114-949,2,Abnormal
1061,114-949,2,Abnormal
1062,114-949,2,Abnormal
1063,114-949,2,Abnormal
1064,114-949,2,Abnormal
1065,114-949,2,Abnormal
1066,114-949,2,Abnormal
1067,114-949,2,Abnormal
1068,114-949,2,Abnormal
1069,114-949,2,Abnormal
1070,114-949,2,Abnormal
1071,114-949,2,Abnormal
1072,114-949,2,Abnormal
1073,114-949,2,Abnormal
1074,114-949,2,Abnormal
1075,114-949,2,Abnormal
1076,114-949,2,Abnormal
1077,114-949,2,Abnormal
1078,114-949,2,Abnormal
1079,114-949,2,Abnormal
1080,114-949,2,Abnormal
1081,114-949,2,Abnormal
1082,114-949,2,Abnormal
1083,114-949,2,Abnormal
1084,114-949,2,Abnormal
1085,114-949,2,Abnormal
1086,114-949,2,Abnormal
1087,114-949,2,Abnormal
1088,114-949,2,Abnormal
1089,114-949,2,Abnormal
1090,114-949,2,Abnormal
1091,114-949,2,Abnormal
1092,114-949,2,Abnormal
1093,114-949,2,Abnormal
1094,114-949,2,Abnormal
1095,114-949,2,Abnormal
1096,114-949,2,Abnormal
1097,114-949,2,Abnormal
1098,114-949,2,Abnormal
1099,114-949,2,Abnormal
1100,114-949,2,Abnormal
1101,114-949,2,Abnormal
1102,114-949,2,Abnormal
1103,114-949,2,Abnormal
1104,114-949,2,Abnormal
1105,114-949,2,Abnormal
1106,114-949,2,Abnormal
1107,114-949,2,Abnormal
1108,114-949,2,Abnormal
1109,114-949,2,Abnormal
1110,114-949,2,Abnormal
1111,114-949,2,Abnormal
1112,114-949,2,Abnormal
1113,114-949,2,Abnormal
1114,114-949,2,Abnormal
1115,114-949,2,Abnormal
1116,114-949,2,Abnormal
1117,114-949,2,Abnormal
1118,114-949,2,Abnormal
1119,114-949,2,Abnormal
1120,114-949,0,No-Breathing
1121,114-787,2,Abnormal
1122,114-787,2,Abnormal
1123,114-787,2,Abnormal
1124,114-787,2,Abnormal
1125,114-787,2,Abnormal
1126,114-787,2,Abnormal
1127,114-787,2,Abnormal
1128,114-787,2,Abnormal
1129,114-787,2,Abnormal
1130,114-787,2,Abnormal
1131,114-787,2,Abnormal
1132,114-787,2,Abnormal
1133,114-787,2,Abnormal
1134,114-787,2,Abnormal
1135,114-787,2,Abnormal
1136,114-787,2,Abnormal
1137,114-787,2,Abnormal
1138,114-787,2,Abnormal
1139,114-787,2,Abnormal
1140,114-787,2,Abnormal
1141,114-787,2,Abnormal
1142,114-787,2,Abnormal
1143,114-787,2,Abnormal
1144,114-787,2,Abnormal
1145,114-787,2,Abnormal
1146,114-787,2,Abnormal
1147,114-787,2,Abnormal
1148,114-787,2,Abnormal
1149,114-787,2,Abnormal
1150,114-787,2,Abnormal
1151,114-787,2,Abnormal
1152,114-787,2,Abnormal
1153,114-787,2,Abnormal
1154,114-787,0,No-Breathing
1155,114-787,0,No-Breathing
1156,114-787,0,No-Breathing
1157,114-787,0,No-Breathing
1158,114-787,0,No-Breathing
1159,20250114_66,2,Abnormal
1160,20250114_66,2,Abnormal
1161,20250114_66,2,Abnormal
1162,20250114_66,2,Abnormal
1163,20250114_66,2,Abnormal
1164,20250114_66,2,Abnormal
1165,20250114_66,2,Abnormal
1166,20250114_66,2,Abnormal
1167,20250114_66,2,Abnormal
1168,20250114_66,0,No-Breathing
1169,20250114_66,0,No-Breathing
1170,20250114_66,0,No-Breathing
1171,20250114_66,0,No-Breathing
1172,20250114_66,0,No-Breathing
1173,20250114_66,0,No-Breathing
1174,20250114_66,0,No-Breathing
1175,20250114_66,0,No-Breathing
1176,20250114_66,0,No-Breathing
1177,20250114_66,0,No-Breathing
1178,20250114_66,0,No-Breathing
1179,20250114_66,0,No-Breathing
1180,20250114_66,0,No-Breathing
1181,20250114_66,0,No-Breathing
1182,20250114_66,0,No-Breathing
1183,20250114_66,0,No-Breathing
1184,20250114_66,0,No-Breathing
1185,20250114_66,0,No-Breathing
1186,20250114_66,0,No-Breathing
1187,20250114_66,0,No-Breathing
1188,20250114_66,0,No-Breathing
1189,20250114_66,0,No-Breathing
1190,20250114_66,0,No-Breathing
1191,20250114_66,0,No-Breathing
1192,20250114_66,0,No-Breathing
1193,20250114_66,0,No-Breathing
1194,20250114_66,0,No-Breathing
1195,20250114_66,0,No-Breathing
1196,20250114_66,0,No-Breathing
1197,20250114_66,0,No-Breathing
1198,20250114_66,0,No-Breathing
1199,20250114_66,0,No-Breathing
1200,20250114_66,0,No-Breathing
1201,20250114_66,0,No-Breathing
1202,20250114_66,0,No-Breathing
1203,20250114_66,0,No-Breathing
1204,20250114_66,0,No-Breathing
1205,20250114_66,0,No-Breathing
1206,20250114_66,0,No-Breathing
1207,20250114_66,0,No-Breathing
1208,20250114_66,0,No-Breathing
1209,20250114_66,0,No-Breathing
1210,20250114_66,0,No-Breathing
1211,20250114_66,0,No-Breathing
1212,20250114_66,0,No-Breathing
1213,20250114_66,0,No-Breathing
1214,20250114_66,0,No-Breathing
1215,20250114_66,0,No-Breathing
1216,20250114_66,0,No-Breathing
1217,20250114_66,0,No-Breathing
1218,20250114_66,0,No-Breathing
1219,20250114_66,0,No-Breathing
1220,20250114_66,0,No-Breathing
1221,20250114_66,0,No-Breathing
1222,20250114_66,0,No-Breathing
1223,20250114_66,0,No-Breathing
1224,20250114_66,0,No-Breathing
1225,20250114_66,0,No-Breathing
1226,20250114_66,0,No-Breathing
1227,20250114_66,0,No-Breathing
1228,20250114_66,0,No-Breathing
1229,20250114_66,0,No-Breathing
1230,20250114_66,0,No-Breathing
1231,20250114_66,0,No-Breathing
1232,20250114_66,0,No-Breathing
1233,20250114_66,0,No-Breathing
1234,20250114_66,0,No-Breathing
1235,20250114_66,0,No-Breathing
1236,20250114_66,0,No-Breathing
1237,20250114_66,0,No-Breathing
1238,20250114_66,0,No-Breathing
1239,20250114_66,0,No-Breathing
1240,20250114_66,0,No-Breathing
1241,20250114_66,0,No-Breathing
1242,20250114_66,0,No-Breathing
1243,20250114_66,0,No-Breathing
1244,20250114_66,0,No-Breathing
1245,20250114_66,0,No-Breathing
1246,114-424,2,Abnormal
1247,114-424,2,Abnormal
1248,114-424,2,Abnormal
1249,114-424,2,Abnormal
1250,114-424,2,Abnormal
1251,114-424,2,Abnormal
1252,114-424,2,Abnormal
1253,114-424,2,Abnormal
1254,114-424,2,Abnormal
1255,114-424,2,Abnormal
1256,114-424,2,Abnormal
1257,114-424,2,Abnormal
1258,114-424,2,Abnormal
1259,114-424,2,Abnormal
1260,114-424,2,Abnormal
1261,114-424,2,Abnormal
1262,114-424,2,Abnormal
1263,114-424,2,Abnormal
1264,114-424,2,Abnormal
1265,114-424,2,Abnormal
1266,114-424,2,Abnormal
1267,114-424,2,Abnormal
1268,114-424,2,Abnormal
1269,114-424,2,Abnormal
1270,114-424,2,Abnormal
1271,114-424,2,Abnormal
1272,114-424,2,Abnormal
1273,114-424,2,Abnormal
1274,114-424,2,Abnormal
1275,114-424,2,Abnormal
1276,114-424,2,Abnormal
1277,114-424,2,Abnormal
1278,114-424,2,Abnormal
1279,114-424,2,Abnormal
1280,114-424,2,Abnormal
1281,114-424,2,Abnormal
1282,114-424,2,Abnormal
1283,114-424,2,Abnormal
1284,114-424,2,Abnormal
1285,114-424,2,Abnormal
1286,114-424,2,Abnormal
1287,114-424,2,Abnormal
1288,114-424,2,Abnormal
1289,114-424,2,Abnormal
1290,114-424,2,Abnormal
1291,114-424,2,Abnormal
1292,114-424,2,Abnormal
1293,114-424,2,Abnormal
1294,114-424,2,Abnormal
1295,114-424,2,Abnormal
1296,114-424,2,Abnormal
1297,114-424,2,Abnormal
1298,114-424,2,Abnormal
1299,114-424,2,Abnormal
1300,114-424,2,Abnormal
1301,114-424,2,Abnormal
1302,114-424,2,Abnormal
1303,114-424,2,Abnormal
1304,114-424,2,Abnormal
1305,114-424,2,Abnormal
1306,114-424,2,Abnormal
1307,114-424,2,Abnormal
1308,114-424,2,Abnormal
1309,114-424,2,Abnormal
1310,114-424,2,Abnormal
1311,114-424,2,Abnormal
1312,114-424,2,Abnormal
1313,114-424,2,Abnormal
1314,114-424,2,Abnormal
1315,114-424,2,Abnormal
1316,114-424,2,Abnormal
1317,114-424,2,Abnormal
1318,114-424,2,Abnormal
1319,114-424,2,Abnormal
1320,114-424,2,Abnormal
1321,114-424,2,Abnormal
1322,114-424,2,Abnormal
1323,114-424,2,Abnormal
1324,114-424,2,Abnormal
1325,114-424,2,Abnormal
1326,114-424,2,Abnormal
1327,114-424,2,Abnormal
1328,114-424,2,Abnormal
1329,114-424,2,Abnormal
1330,114-424,2,Abnormal
1331,114-424,2,Abnormal
1332,114-424,2,Abnormal
1333,114-424,2,Abnormal
1334,114-424,2,Abnormal
1335,114-424,2,Abnormal
1336,114-424,2,Abnormal
1337,114-424,2,Abnormal
1338,114-424,2,Abnormal
1339,114-424,2,Abnormal
1340,114-424,2,Abnormal
1341,114-424,2,Abnormal
1342,114-424,2,Abnormal
1343,114-424,0,No-Breathing
1344,114-424,0,No-Breathing
1345,114-424,0,No-Breathing
1346,114-424,0,No-Breathing
1347,114-424,0,No-Breathing
1348,114-424,0,No-Breathing
1349,114-424,0,No-Breathing
1350,114-424,0,No-Breathing
1351,114-424,0,No-Breathing
1352,114-424,0,No-Breathing
1353,114-424,0,No-Breathing
1354,114-424,0,No-Breathing
1355,114-424,0,No-Breathing
1356,114-424,0,No-Breathing
1357,114-424,0,No-Breathing
1358,20241207_11O,1,Normal
1359,20241207_11O,1,Normal
1360,20241207_11O,1,Normal
1361,20241207_11O,1,Normal
1362,20241207_11O,1,Normal
1363,20241207_11O,1,Normal
1364,20241207_11O,1,Normal
1365,20241207_11O,1,Normal
1366,20241207_11O,1,Normal
1367,20241207_11O,1,Normal
1368,20241207_11O,1,Normal
1369,20241207_11O,1,Normal
1370,20241207_11O,1,Normal
1371,20241207_11O,0,No-Breathing
1372,20241207_11O,0,No-Breathing
1373,20241207_11O,0,No-Breathing
1374,20241207_11O,0,No-Breathing
1375,20241207_11O,0,No-Breathing
1376,20241207_11O,0,No-Breathing
1377,20241207_11O,0,No-Breathing
1378,20241207_11O,0,No-Breathing
1379,20241207_11O,0,No-Breathing
1380,20241207_11O,0,No-Breathing
1381,20241207_11O,0,No-Breathing
1382,20241207_11O,0,No-Breathing
1383,20241207_11O,0,No-Breathing
1384,20241207_11O,0,No-Breathing
1385,20241207_11O,0,No-Breathing
1386,20241207_11O,0,No-Breathing
1387,20241207_11O,0,No-Breathing
1388,20241207_11O,0,No-Breathing
1389,20241207_11O,0,No-Breathing
1390,20241207_11O,0,No-Breathing
1391,20241207_11O,0,No-Breathing
1392,20241207_11O,0,No-Breathing
1393,20241207_11O,0,No-Breathing
1394,20241207_11O,0,No-Breathing
1395,20241207_11O,0,No-Breathing
1396,20241207_11O,0,No-Breathing
1397,20241207_11O,0,No-Breathing
1398,20241207_11O,0,No-Breathing
1399,20241207_11O,0,No-Breathing
1400,20241207_11O,0,No-Breathing
1401,20241207_11O,0,No-Breathing
1402,20241207_11O,0,No-Breathing
1403,20241207_11O,0,No-Breathing
1404,20241207_11O,0,No-Breathing
1405,20241207_11O,0,No-Breathing
1406,20241207_11O,0,No-Breathing
1407,20241207_11O,0,No-Breathing
1408,20241207_11O,0,No-Breathing
1409,20241207_11O,0,No-Breathing
1410,20241207_11O,0,No-Breathing
1411,20241207_11O,0,No-Breathing
1412,20241207_11O,0,No-Breathing
1413,20241207_11O,0,No-Breathing
1414,20241207_11O,0,No-Breathing
1415,20241207_11O,0,No-Breathing
1416,20241207_11O,0,No-Breathing
1417,20241207_11O,0,No-Breathing
1418,20241207_11O,0,No-Breathing
1419,20241207_11O,0,No-Breathing
1420,20241207_11O,0,No-Breathing
1421,20241207_11O,0,No-Breathing
1422,20241207_11O,0,No-Breathing
1423,20241207_11O,0,No-Breathing
1424,20241207_11O,0,No-Breathing
1425,20241207_11O,0,No-Breathing
1426,20241207_11O,0,No-Breathing
1427,20241207_11O,0,No-Breathing
1428,20241207_11O,0,No-Breathing
1429,20241207_11O,0,No-Breathing
1430,20241207_11O,0,No-Breathing
1431,20241207_11O,0,No-Breathing
1432,20241207_11O,0,No-Breathing
1433,20241207_11O,0,No-Breathing
1434,20241207_11O,0,No-Breathing
1435,20241207_11O,0,No-Breathing
1436,20241207_11O,0,No-Breathing
1437,20241207_11O,0,No-Breathing
1438,20241207_11O,0,No-Breathing
1439,20241207_11O,0,No-Breathing
1440,20241207_11O,0,No-Breathing
1441,20241207_11O,0,No-Breathing
1442,20241207_11O,0,No-Breathing
1443,20241207_11O,0,No-Breathing
1444,20241207_11O,0,No-Breathing
1445,20241207_11O,0,No-Breathing
1446,20241207_11O,0,No-Breathing
1447,20241207_11O,0,No-Breathing
1448,20241207_11O,0,No-Breathing
1449,20241207_11O,0,No-Breathing
1450,20241207_11O,0,No-Breathing
1451,20241207_11O,0,No-Breathing
1452,20241207_11O,0,No-Breathing
1453,20241207_11O,0,No-Breathing
1454,20241207_11O,0,No-Breathing
1455,20241207_11O,0,No-Breathing
1456,20241207_11O,0,No-Breathing
1457,20241207_11O,0,No-Breathing
1458,20241207_11O,0,No-Breathing
1459,20241207_11O,0,No-Breathing
1460,20241207_11O,0,No-Breathing
1461,20241207_11O,0,No-Breathing
1462,20241207_11O,0,No-Breathing
1463,20241207_11O,0,No-Breathing
1464,20241207_11O,0,No-Breathing
1465,20241207_11O,0,No-Breathing
1466,20241207_11O,0,No-Breathing
1467,20241207_11O,0,No-Breathing
1468,20241207_11O,0,No-Breathing
1469,20241207_11O,0,No-Breathing
1470,20241207_11O,0,No-Breathing
1471,20241207_11O,0,No-Breathing
1472,20241207_11O,0,No-Breathing
1473,20241207_11O,0,No-Breathing
1474,20241207_11O,0,No-Breathing
1475,20241207_11O,0,No-Breathing
1476,20241207_11O,0,No-Breathing
1477,20241207_11O,0,No-Breathing
1478,20241207_11O,0,No-Breathing
1479,20241207_11O,0,No-Breathing
1480,20241207_11O,0,No-Breathing
1481,20241207_11O,0,No-Breathing
1482,20241207_11O,0,No-Breathing
1483,20241207_11O,0,No-Breathing
1484,20241207_11O,0,No-Breathing
1485,20241207_11O,0,No-Breathing
1486,20241207_11O,0,No-Breathing
1487,20241207_11O,0,No-Breathing
1488,20241207_11O,0,No-Breathing
1489,20241207_11O,0,No-Breathing
1490,20241207_11O,0,No-Breathing
1491,20241207_11O,0,No-Breathing
1492,20241207_11O,0,No-Breathing
1493,20241207_11O,0,No-Breathing
1494,20241207_11O,0,No-Breathing
1495,20241207_11O,0,No-Breathing
1496,20241207_11O,0,No-Breathing
1497,20241207_11O,0,No-Breathing
1498,20241207_11O,0,No-Breathing
1499,20241207_11O,0,No-Breathing
1500,20241207_11O,0,No-Breathing
1501,20241207_11O,0,No-Breathing
1502,20241207_11O,0,No-Breathing
1503,20241207_11O,0,No-Breathing
1504,20241207_11O,0,No-Breathing
1505,20241207_11O,0,No-Breathing
1506,20241207_11O,0,No-Breathing
1507,20241207_11O,0,No-Breathing
1508,20241207_11O,0,No-Breathing
1509,20241207_11O,0,No-Breathing
1510,20241207_11O,0,No-Breathing
1511,20241207_11O,0,No-Breathing
1512,20241207_11O,0,No-Breathing
1513,20241207_11O,0,No-Breathing
1514,20241207_11O,0,No-Breathing
1515,20241207_11O,0,No-Breathing
1516,20241207_11O,0,No-Breathing
1517,20241207_11O,0,No-Breathing
1518,20241207_11O,0,No-Breathing
1519,20241207_11O,0,No-Breathing
1520,20241207_11O,0,No-Breathing
1521,20241207_11O,0,No-Breathing
1522,20241207_11O,0,No-Breathing
1523,20241207_11O,0,No-Breathing
1524,20241207_11O,0,No-Breathing
1525,20241207_11O,0,No-Breathing
1526,20241207_11O,0,No-Breathing
1527,20241207_11O,0,No-Breathing
1528,20241207_11O,0,No-Breathing
1529,20241207_11O,0,No-Breathing
1530,20241207_11O,0,No-Breathing
1531,20241207_11O,0,No-Breathing
1532,20241207_11O,0,No-Breathing
1533,20241207_11O,0,No-Breathing
1534,20241207_11O,0,No-Breathing
1535,20241207_11O,0,No-Breathing
1536,20241207_11O,0,No-Breathing
1537,20241207_11O,0,No-Breathing
1538,20241207_11O,0,No-Breathing
1539,20241207_11O,0,No-Breathing
1540,20241207_11O,0,No-Breathing
1541,20241207_11O,0,No-Breathing
1542,20241207_11O,0,No-Breathing
1543,20241207_11O,0,No-Breathing
1544,20241207_11O,0,No-Breathing
1545,20241207_11O,0,No-Breathing
1546,20241207_11O,0,No-Breathing
1547,20241207_11O,0,No-Breathing
1548,20241207_11O,0,No-Breathing
1549,20241207_11O,0,No-Breathing
1550,20241207_11O,0,No-Breathing
1551,20241207_11O,0,No-Breathing
1552,20241207_11O,0,No-Breathing
